id;referentiel;user_id;date_commande
1;cuicui adversaire;parlementaire demain;2025-01-09T05:34:08
2;personnel professionnel démontrer jamais;lorsque de par;2025-01-09T00:48:23
3;vlan extrêmement corps enseignant;dès miam divinement;2025-01-09T11:33:37
4;avant de;secours;2025-01-09T12:43:29
5;membre à vie partout;féliciter juriste;2025-01-09T02:21:26
6;novice concurrence du fait que;hôte assez présidence;2025-01-08T20:09:24
7;rallier;serviable parmi;2025-01-09T14:07:51
8;adversaire équipe;propre;2025-01-09T01:21:45
9;accéder;de manière à ce que;2025-01-09T02:10:54
10;sous couleur de commenter égoïste;conseil municipal;2025-01-09T15:22:33
